,model.model_name,dataset.parameters.data_name,model.optimizer.lr,model.feature_encoder.out_channels,model.backbone.num_layers,model.feature_encoder.proj_dropout,dataset.parameters.batch_size,val/accuracy,test/accuracy,val/auroc,test/auroc,val/recall,test/recall,val/precision,test/precision,dataset.parameters.data_seed,seed,val/mae,test/mae,val/mse,test/mse
0,gat,IMDB-MULTI,0.01,32,1,0.5,128,0.5199999809265137,0.47200000286102295,0.6686897277832031,0.6349586248397827,0.5140790343284607,0.4735788106918335,0.5316305160522461,0.4784625172615051,5,42,,,,
1,gat,IMDB-MULTI,0.01,32,1,0.5,128,0.5199999809265137,0.5306666493415833,0.6646028161048889,0.6764265894889832,0.5208503603935242,0.5231739282608032,0.5367212891578674,0.5281261801719666,3,42,,,,
2,gat,IMDB-MULTI,0.01,32,1,0.5,128,0.5333333611488342,0.5120000243186951,0.6898440718650818,0.680542528629303,0.538934588432312,0.5001207590103149,0.5420622229576111,0.5112698078155518,0,42,,,,
0,gin,IMDB-MULTI,0.01,64,1,0.5,256,0.5066666603088379,0.445333331823349,0.673695981502533,0.6500719785690308,0.5031327605247498,0.4476233720779419,0.5024446249008179,0.4604237675666809,5,42,,,,
1,gin,IMDB-MULTI,0.01,64,1,0.5,256,0.527999997138977,0.5040000081062317,0.6783897280693054,0.6576417088508606,0.5291934013366699,0.5014923810958862,0.5331444144248962,0.4986273050308227,3,42,,,,
2,gin,IMDB-MULTI,0.01,64,1,0.5,256,0.5173333287239075,0.4906666576862335,0.6688191294670105,0.6644056439399719,0.5248966217041016,0.4846618473529816,0.5232065916061401,0.4786773920059204,0,42,,,,
0,gcn,IMDB-MULTI,0.001,64,1,0.5,256,0.5093333125114441,0.46133333444595337,0.6694815754890442,0.635577380657196,0.506054162979126,0.4624381065368652,0.5154963135719299,0.45880165696144104,5,42,,,,
1,gcn,IMDB-MULTI,0.001,64,1,0.5,256,0.5253333449363708,0.5253333449363708,0.6847768425941467,0.6594904661178589,0.5271070003509521,0.5198385715484619,0.5269519090652466,0.518212080001831,3,42,,,,
2,gcn,IMDB-MULTI,0.001,64,1,0.5,256,0.5360000133514404,0.5093333125114441,0.6876177787780762,0.6865043044090271,0.54152512550354,0.5030365586280823,0.5396718978881836,0.504365086555481,0,42,,,,
0,gat,IMDB-BINARY,0.001,64,1,0.25,128,0.7639999985694885,0.699999988079071,0.8329797983169556,0.8009979724884033,0.7643146514892578,0.7154253721237183,0.7633837461471558,0.7315971851348877,5,42,,,,
1,gat,IMDB-BINARY,0.001,64,1,0.25,128,0.7239999771118164,0.6600000262260437,0.7967389822006226,0.7413086891174316,0.7236943244934082,0.6598297357559204,0.7251207828521729,0.6587545871734619,3,42,,,,
2,gat,IMDB-BINARY,0.001,64,1,0.25,128,0.7559999823570251,0.7080000042915344,0.814129650592804,0.7847521305084229,0.7551092505455017,0.7055937051773071,0.7561759948730469,0.708116888999939,0,42,,,,
0,gin,IMDB-BINARY,0.001,32,2,0.5,128,0.7559999823570251,0.6880000233650208,0.8273407816886902,0.8075705766677856,0.7583381533622742,0.6998255848884583,0.7576923370361328,0.7069368958473206,5,42,,,,
1,gin,IMDB-BINARY,0.001,32,2,0.5,128,0.7200000286102295,0.6919999718666077,0.7871863842010498,0.7397123575210571,0.7199180722236633,0.6856939792633057,0.7200307250022888,0.6901459693908691,3,42,,,,
2,gin,IMDB-BINARY,0.001,32,2,0.5,128,0.7480000257492065,0.7319999933242798,0.8261740207672119,0.8282603621482849,0.7460759878158569,0.732343316078186,0.7504564523696899,0.7318228483200073,0,42,,,,
0,gcn,IMDB-BINARY,0.01,128,2,0.5,128,0.7519999742507935,0.6679999828338623,0.8171871900558472,0.7780182361602783,0.749437689781189,0.674601137638092,0.7515717148780823,0.6748834848403931,5,42,,,,
1,gcn,IMDB-BINARY,0.01,128,2,0.5,128,0.7120000123977661,0.6880000233650208,0.7960989475250244,0.7818143367767334,0.7123656272888184,0.6855649948120117,0.7140092849731445,0.6855649948120117,3,42,,,,
2,gcn,IMDB-BINARY,0.01,128,2,0.5,128,0.7760000228881836,0.6840000152587891,0.8275353908538818,0.7983514070510864,0.7747453451156616,0.6838476061820984,0.7770169973373413,0.6835297346115112,0,42,,,,
0,gat,REDDIT-BINARY,0.01,64,1,0.25,128,0.7300000190734863,0.7419999837875366,0.744626522064209,0.7710729837417603,0.7311967611312866,0.7399448156356812,0.7317944765090942,0.7419124841690063,5,42,,,,
1,gat,REDDIT-BINARY,0.01,64,1,0.25,128,0.765999972820282,0.7580000162124634,0.8021300435066223,0.8054541349411011,0.7660092115402222,0.7577139735221863,0.7658942937850952,0.7581477761268616,3,42,,,,
2,gat,REDDIT-BINARY,0.01,64,1,0.25,128,0.7319999933242798,0.7580000162124634,0.7478482127189636,0.790841817855835,0.725732684135437,0.7585651874542236,0.7381860017776489,0.7605456709861755,0,42,,,,
0,gin,REDDIT-BINARY,0.001,32,4,0.5,128,0.7820000052452087,0.8080000281333923,0.8506790399551392,0.8916751146316528,0.7822250127792358,0.8120678663253784,0.7819405198097229,0.816084086894989,5,42,,,,
1,gin,REDDIT-BINARY,0.001,32,4,0.5,128,0.8320000171661377,0.8339999914169312,0.8918737173080444,0.8861469030380249,0.8311347365379333,0.8326451778411865,0.8335268497467041,0.8436957597732544,3,42,,,,
2,gin,REDDIT-BINARY,0.001,32,4,0.5,128,0.8019999861717224,0.8199999928474426,0.8747972846031189,0.8887679576873779,0.8021276593208313,0.8196860551834106,0.8013485670089722,0.8207948207855225,0,42,,,,
0,gcn,REDDIT-BINARY,0.01,64,2,0.5,256,0.7160000205039978,0.7540000081062317,0.7444102764129639,0.7730342149734497,0.7181433439254761,0.7503088116645813,0.7211039066314697,0.7568821907043457,5,42,,,,
1,gcn,REDDIT-BINARY,0.01,64,2,0.5,256,0.7440000176429749,0.7680000066757202,0.8036949634552002,0.8105595111846924,0.7423155307769775,0.7682607173919678,0.74790358543396,0.7683465480804443,3,42,,,,
2,gcn,REDDIT-BINARY,0.01,64,2,0.5,256,0.7379999756813049,0.7620000243186951,0.7467041015625,0.7930101156234741,0.7350060343742371,0.7617017030715942,0.7380603551864624,0.7624871730804443,0,42,,,,
0,gat,NCI109,0.01,32,4,0.25,128,0.7575169801712036,0.7260406613349915,0.8147709369659424,0.7887488603591919,0.7569157481193542,0.7259000539779663,0.759567141532898,0.7256255149841309,5,42,,,,
1,gat,NCI109,0.01,32,4,0.25,128,0.7449078559875488,0.7376573085784912,0.8283945918083191,0.8008217811584473,0.7444734573364258,0.7352038025856018,0.7471165657043457,0.7396870851516724,3,42,,,,
2,gat,NCI109,0.01,32,4,0.25,128,0.7439379096031189,0.7444337010383606,0.8017652034759521,0.8103339076042175,0.7439239621162415,0.7459717392921448,0.7437403202056885,0.749133825302124,0,42,,,,
0,gin,NCI109,0.001,32,4,0.25,128,0.7468477487564087,0.7250726222991943,0.8100239038467407,0.7974281311035156,0.7465505599975586,0.7245498895645142,0.7472149133682251,0.7245498895645142,5,42,,,,
1,gin,NCI109,0.001,32,4,0.25,128,0.7526673078536987,0.7454017400741577,0.8384804725646973,0.8206733465194702,0.7522843480110168,0.7468857169151306,0.7544252872467041,0.7472496032714844,3,42,,,,
2,gin,NCI109,0.001,32,4,0.25,128,0.7458778023719788,0.7473378777503967,0.8214775323867798,0.8179742097854614,0.7458036541938782,0.7473539113998413,0.7456537485122681,0.7472370266914368,0,42,,,,
0,gcn,NCI109,0.01,64,4,0.25,128,0.740058183670044,0.7105517983436584,0.8016422986984253,0.7776621580123901,0.7400658130645752,0.7126632928848267,0.7400332689285278,0.7135728597640991,5,42,,,,
1,gcn,NCI109,0.01,64,4,0.25,128,0.7352085113525391,0.7424975633621216,0.808915376663208,0.7890385389328003,0.7353830933570862,0.7396284341812134,0.7356686592102051,0.7458306550979614,3,42,,,,
2,gcn,NCI109,0.01,64,4,0.25,128,0.7274490594863892,0.7105517983436584,0.7862416505813599,0.7871583104133606,0.7279465198516846,0.710358738899231,0.7277748584747314,0.7103792428970337,0,42,,,,
0,gat,NCI1,0.01,32,4,0.25,128,0.7594936490058899,0.7451362013816833,0.8101751804351807,0.8043406009674072,0.7597410678863525,0.7451238632202148,0.7598652839660645,0.7451684474945068,5,42,,,,
1,gat,NCI1,0.01,32,4,0.25,128,0.770204484462738,0.7363813519477844,0.8320502042770386,0.801177978515625,0.7702764272689819,0.7331364154815674,0.7708908319473267,0.7486235499382019,3,42,,,,
2,gat,NCI1,0.01,32,4,0.25,128,0.7458617091178894,0.75,0.8068530559539795,0.8120258450508118,0.7461408972740173,0.749984860420227,0.746993362903595,0.7499479651451111,0,42,,,,
0,gin,NCI1,0.001,128,4,0.25,128,0.746835470199585,0.7645914554595947,0.8122833371162415,0.8206552267074585,0.7472934722900391,0.764620840549469,0.7480047345161438,0.7648453712463379,5,42,,,,
1,gin,NCI1,0.001,128,4,0.25,128,0.7312560677528381,0.7451362013816833,0.7870770692825317,0.7922765016555786,0.7312992811203003,0.743462085723877,0.7314819097518921,0.747878909111023,3,42,,,,
2,gin,NCI1,0.001,128,4,0.25,128,0.7585199475288391,0.7645914554595947,0.8302409648895264,0.8171255588531494,0.7584160566329956,0.7643224000930786,0.7586024403572083,0.7647433280944824,0,42,,,,
0,gcn,NCI1,0.01,32,4,0.25,128,0.7254137992858887,0.7178988456726074,0.7854166030883789,0.7932928800582886,0.7255828380584717,0.7178599238395691,0.72559654712677,0.7182233333587646,5,42,,,,
1,gcn,NCI1,0.01,32,4,0.25,128,0.7390457391738892,0.7266536951065063,0.8026168346405029,0.788802981376648,0.7391573190689087,0.7249923944473267,0.7405072450637817,0.7289513349533081,3,42,,,,
2,gcn,NCI1,0.01,32,4,0.25,128,0.7263875603675842,0.7412451505661011,0.7829342484474182,0.8003119230270386,0.7273478507995605,0.7412732839584351,0.7383685111999512,0.7412185072898865,0,42,,,,
0,gat,PROTEINS,0.01,32,4,0.5,256,0.7913669347763062,0.759856641292572,0.8238918781280518,0.8034024238586426,0.7814395427703857,0.7468101978302002,0.7795450687408447,0.7522549629211426,5,42,,,,
1,gat,PROTEINS,0.01,32,4,0.5,256,0.7877697944641113,0.7419354915618896,0.8297130465507507,0.7711559534072876,0.7859256863594055,0.7285259962081909,0.7833054065704346,0.7341881990432739,3,42,,,,
2,gat,PROTEINS,0.01,32,4,0.5,256,0.7374100685119629,0.7849462628364563,0.7755682468414307,0.8489495515823364,0.733137845993042,0.7683560848236084,0.7343528270721436,0.789424479007721,0,42,,,,
0,gin,PROTEINS,0.01,32,1,0.5,256,0.7949640154838562,0.7562723755836487,0.8236322402954102,0.812812328338623,0.7668743133544922,0.7397129535675049,0.7920454740524292,0.7497507333755493,5,42,,,,
1,gin,PROTEINS,0.01,32,1,0.5,256,0.7913669347763062,0.7204301357269287,0.841498851776123,0.7707847356796265,0.7869563102722168,0.6985418796539307,0.7869563102722168,0.7142162322998047,3,42,,,,
2,gin,PROTEINS,0.01,32,1,0.5,256,0.730215847492218,0.774193525314331,0.777335524559021,0.848739504814148,0.7180037498474121,0.7611345052719116,0.732869029045105,0.7731868028640747,0,42,,,,
0,gcn,PROTEINS,0.01,32,2,0.25,256,0.7913669347763062,0.7562723755836487,0.8112804889678955,0.8055821657180786,0.7604525089263916,0.7451355457305908,0.7904907464981079,0.7480365633964539,5,42,,,,
1,gcn,PROTEINS,0.01,32,2,0.25,256,0.7841726541519165,0.7204301357269287,0.8381163477897644,0.7708907723426819,0.7690396904945374,0.7050371170043945,0.7872580289840698,0.7116584777832031,3,42,,,,
2,gcn,PROTEINS,0.01,32,2,0.25,256,0.7410072088241577,0.774193525314331,0.7797445058822632,0.8413339853286743,0.7340281009674072,0.7686712145805359,0.7390351295471191,0.7692651748657227,0,42,,,,
0,gat,MUTAG,0.01,64,2,0.5,32,0.8297872543334961,0.6382978558540344,0.875,0.8127273321151733,0.7901960611343384,0.6272727251052856,0.8348416090011597,0.6458333730697632,5,42,,,,
1,gat,MUTAG,0.01,64,2,0.5,32,0.7021276354789734,0.7234042286872864,0.7077921628952026,0.7943547964096069,0.6645021438598633,0.6995967626571655,0.6532257795333862,0.6941176652908325,3,42,,,,
2,gat,MUTAG,0.01,64,2,0.5,32,0.7659574747085571,0.7446808218955994,0.7416666746139526,0.8764705657958984,0.668749988079071,0.6470588445663452,0.759615421295166,0.8571428656578064,0,42,,,,
0,gin,MUTAG,0.001,64,4,0.5,64,0.8723404407501221,0.7446808218955994,0.9568626880645752,0.836363673210144,0.861764669418335,0.7436363697052002,0.861764669418335,0.7436363697052002,5,42,,,,
1,gin,MUTAG,0.001,64,4,0.5,64,0.7446808218955994,0.7446808218955994,0.8160172700881958,0.8487903475761414,0.7359307408332825,0.7006047964096069,0.7088122367858887,0.7153679728507996,3,42,,,,
2,gin,MUTAG,0.001,64,4,0.5,64,0.7234042286872864,0.8085106611251831,0.8145833015441895,0.9392156600952148,0.7791666984558105,0.7480392456054688,0.745421290397644,0.841891884803772,0,42,,,,
0,gcn,MUTAG,0.001,128,4,0.25,32,0.7659574747085571,0.6808510422706604,0.8294117450714111,0.7290909290313721,0.7401961088180542,0.6836363673210144,0.7469757795333862,0.6836363673210144,5,42,,,,
1,gcn,MUTAG,0.001,128,4,0.25,32,0.7659574747085571,0.6595744490623474,0.7337661981582642,0.778225839138031,0.7099567651748657,0.5604838728904724,0.7194570302963257,0.5961538553237915,3,42,,,,
2,gcn,MUTAG,0.001,128,4,0.25,32,0.7234042286872864,0.7234042286872864,0.71875,0.8568627238273621,0.6552083492279053,0.6303921341896057,0.6773809194564819,0.7703251838684082,0,42,,,,
0,gat,minesweeper,0.01,32,2,0.5,1,0.8611999750137329,0.853600025177002,0.9008640050888062,0.8993070125579834,0.7348669767379761,0.7397352457046509,0.7953553199768066,0.7825554609298706,9,42,,,,
1,gat,minesweeper,0.01,32,2,0.5,1,0.8543999791145325,0.8424000144004822,0.9008984565734864,0.8975383043289185,0.7452056407928467,0.7268475294113159,0.7850602865219116,0.7677216529846191,7,42,,,,
2,gat,minesweeper,0.01,32,2,0.5,1,0.8579999804496765,0.8471999764442444,0.904219388961792,0.9005390405654907,0.7498733997344971,0.7399686574935913,0.7763875126838684,0.7797036170959473,5,42,,,,
3,gat,minesweeper,0.01,32,2,0.5,1,0.843999981880188,0.8555999994277954,0.8943368792533875,0.8948483467102051,0.7396771311759949,0.7521964311599731,0.7641535401344299,0.7683941721916199,3,42,,,,
4,gat,minesweeper,0.01,32,2,0.5,1,0.8496000170707703,0.840399980545044,0.8956576585769653,0.88975989818573,0.7470577955245972,0.7313941121101379,0.7676882743835449,0.7505149841308594,0,42,,,,
0,gin,minesweeper,0.001,128,1,0.5,1,0.8367999792098999,0.8367999792098999,0.8835558295249939,0.8823328018188477,0.6740988492965698,0.689263105392456,0.7445492744445801,0.7754020690917969,5,42,,,,
1,gin,minesweeper,0.001,128,1,0.5,1,0.8331999778747559,0.8424000144004822,0.8728575706481934,0.873937726020813,0.6826843619346619,0.6890778541564941,0.7540303468704224,0.7511054277420044,3,42,,,,
2,gin,minesweeper,0.001,128,1,0.5,1,0.8384000062942505,0.8396000266075134,0.8795793056488037,0.8752356767654419,0.6960506439208984,0.6871472001075745,0.7540687322616577,0.7572610378265381,0,42,,,,
0,gcn,minesweeper,0.01,64,1,0.25,1,0.8335999846458435,0.8384000062942505,0.8772950172424316,0.8813431859016418,0.6666342616081238,0.6916379332542419,0.7378964424133301,0.7788578271865845,5,42,,,,
1,gcn,minesweeper,0.01,64,1,0.25,1,0.8267999887466431,0.8396000266075134,0.8715616464614868,0.8706574440002441,0.6786521077156067,0.6889388561248779,0.7390612363815308,0.7442314624786377,3,42,,,,
2,gcn,minesweeper,0.01,64,1,0.25,1,0.8324000239372253,0.8348000049591064,0.877203643321991,0.872390866279602,0.6885680556297302,0.6781160831451416,0.7416074872016907,0.7473483085632324,0,42,,,,
0,gat,questions,0.01,64,2,0.5,1,0.97432541847229,0.9715477228164672,0.7785546779632568,0.7811124920845032,0.5556243658065796,0.5563299059867859,0.8530672788619995,0.8701708316802979,9,42,,,,
1,gat,questions,0.01,64,2,0.5,1,0.9721177220344543,0.970076024532318,0.7886350750923157,0.7697961330413818,0.5459005832672119,0.5371299982070923,0.9009332656860352,0.8772125244140625,7,42,,,,
2,gat,questions,0.01,64,2,0.5,1,0.970973014831543,0.9717112183570862,0.7770218849182129,0.7826411724090576,0.5410763621330261,0.5468336343765259,0.8304518461227417,0.8666883707046509,5,42,,,,
3,gat,questions,0.01,64,2,0.5,1,0.9742436408996582,0.967541515827179,0.7775235772132874,0.7733213305473328,0.5484989881515503,0.5337656736373901,0.8625266551971436,0.7702816724777222,3,42,,,,
4,gat,questions,0.01,64,2,0.5,1,0.9719542264938354,0.970975399017334,0.7710697650909424,0.7876608371734619,0.5395656824111938,0.5293219685554504,0.8678814172744751,0.9086976051330566,0,42,,,,
0,gin,questions,0.001,128,2,0.25,1,0.971545398235321,0.970975399017334,0.7860150337219238,0.7701433897018433,0.5569945573806763,0.5425266027450562,0.8332551121711731,0.8126577138900757,5,42,,,,
1,gin,questions,0.001,128,2,0.25,1,0.9734259843826294,0.9672962427139282,0.7688363790512085,0.7571269273757935,0.54231196641922,0.5384202599525452,0.8025778532028198,0.7513844966888428,3,42,,,,
2,gin,questions,0.001,128,2,0.25,1,0.9718724489212036,0.9712206721305848,0.752670168876648,0.779098629951477,0.5408588647842407,0.5346417427062988,0.8521938323974609,0.9051334857940674,0,42,,,,
0,gcn,questions,0.01,32,4,0.5,1,0.9714636206626892,0.970975399017334,0.7898353338241577,0.7625794410705566,0.5530466437339783,0.5307438373565674,0.83724045753479,0.8567464351654053,5,42,,,,
1,gcn,questions,0.01,32,4,0.5,1,0.9747342467308044,0.9679502844810486,0.7635315656661987,0.7566783428192139,0.5501928329467773,0.5280002951622009,0.9125717878341676,0.822616696357727,3,42,,,,
2,gcn,questions,0.01,32,4,0.5,1,0.9721177220344543,0.970893621444702,0.73992919921875,0.7744168043136597,0.5543379783630371,0.5240865349769592,0.831559419631958,0.9591493606567384,0,42,,,,
0,gat,tolokers,0.001,128,4,0.25,1,0.8223885893821716,0.8234694004058838,0.8548176288604736,0.8463532328605652,0.6734965443611145,0.6612027287483215,0.7563698887825012,0.7332850098609924,9,42,,,,
1,gat,tolokers,0.001,128,4,0.25,1,0.8213678002357483,0.8224489688873291,0.8578563928604126,0.8350524306297302,0.6640989184379578,0.6507915258407593,0.7814128398895264,0.737601101398468,7,42,,,,
2,gat,tolokers,0.001,128,4,0.25,1,0.8230690956115723,0.8319727778434753,0.8471634387969971,0.8571202754974365,0.6531686782836914,0.663270890712738,0.7524988651275635,0.7844520807266235,5,42,,,,
3,gat,tolokers,0.001,128,4,0.25,1,0.8325961232185364,0.8146258592605591,0.8535083532333374,0.8495692014694214,0.670443058013916,0.6461006999015808,0.7503987550735474,0.7477229833602905,3,42,,,,
4,gat,tolokers,0.001,128,4,0.25,1,0.8162640333175659,0.8176870942115784,0.8559882640838623,0.833565354347229,0.6495164632797241,0.6357703804969788,0.765967845916748,0.7591348886489868,0,42,,,,
0,gin,tolokers,0.01,32,1,0.25,1,0.8012929558753967,0.8170068264007568,0.8110771179199219,0.8270707130432129,0.5907250046730042,0.6163251996040344,0.7074507474899292,0.7698087692260742,5,42,,,,
1,gin,tolokers,0.01,32,1,0.25,1,0.8080980181694031,0.8017006516456604,0.8110922574996948,0.8074440956115723,0.6300572156906128,0.6334228515625,0.694683849811554,0.7142523527145386,3,42,,,,
2,gin,tolokers,0.01,32,1,0.25,1,0.7992514371871948,0.8023809790611267,0.8126507997512817,0.8057165145874023,0.6086496710777283,0.5975427031517029,0.7343804836273193,0.726265549659729,0,42,,,,
0,gcn,tolokers,0.01,128,4,0.5,1,0.8121809959411621,0.8108843564987183,0.837554931640625,0.8326451778411865,0.6132698655128479,0.6124155521392822,0.738772988319397,0.7437375783920288,5,42,,,,
1,gcn,tolokers,0.01,128,4,0.5,1,0.8254508376121521,0.807823121547699,0.8422716856002808,0.8370650410652161,0.6278046369552612,0.6177109479904175,0.7484858632087708,0.743306040763855,3,42,,,,
2,gcn,tolokers,0.01,128,4,0.5,1,0.8053759932518005,0.8074830174446106,0.8422015905380249,0.8215892314910889,0.6147136688232422,0.6063839197158813,0.7562464475631714,0.7421021461486816,0,42,,,,
0,gat,amazon_ratings,0.001,128,3,0.25,1,0.4961619973182678,0.5064510703086853,0.7237954139709473,0.7303864359855652,0.3909173309803009,0.3986973762512207,0.45881062746047974,0.4725167155265808,9,42,,,,
1,gat,amazon_ratings,0.001,128,3,0.25,1,0.4973052442073822,0.5059611201286316,0.7189850211143494,0.7274304032325745,0.3898145854473114,0.3980824649333954,0.46861088275909424,0.4949195384979248,7,42,,,,
2,gat,amazon_ratings,0.001,128,3,0.25,1,0.4963253438472748,0.4989384412765503,0.7130204439163208,0.7287839651107788,0.3875930607318878,0.3841415941715241,0.4675275385379791,0.4454381465911865,5,42,,,,
3,gat,amazon_ratings,0.001,128,3,0.25,1,0.49910175800323486,0.49273231625556946,0.7215895652770996,0.7146832346916199,0.39501550793647766,0.3829336166381836,0.4796225428581238,0.4567270874977112,3,42,,,,
4,gat,amazon_ratings,0.001,128,3,0.25,1,0.48195329308509827,0.504654586315155,0.7140105366706848,0.7214784622192383,0.375759094953537,0.3973647058010102,0.4676518142223358,0.4720495343208313,0,42,,,,
0,gin,amazon_ratings,0.001,128,1,0.25,1,0.4897925853729248,0.4878327548503876,0.7146326303482056,0.7223806381225586,0.3897909522056579,0.37586531043052673,0.4664703607559204,0.4472471475601196,5,42,,,,
1,gin,amazon_ratings,0.001,128,1,0.25,1,0.482443243265152,0.4768904149532318,0.7194873094558716,0.7139482498168945,0.3841131329536438,0.3717164397239685,0.4438048005104065,0.44539791345596313,3,42,,,,
2,gin,amazon_ratings,0.001,128,1,0.25,1,0.47770699858665466,0.500571608543396,0.7101224064826965,0.7270944714546204,0.3771785795688629,0.3974711000919342,0.4425721764564514,0.464169442653656,0,42,,,,
0,gcn,amazon_ratings,0.01,128,4,0.5,1,0.4925689995288849,0.4920790493488312,0.7122234106063843,0.7277189493179321,0.388625830411911,0.3903910219669342,0.4639279842376709,0.4706415832042694,5,42,,,,
1,gcn,amazon_ratings,0.01,128,4,0.5,1,0.49926507472991943,0.4889760017395019,0.7193931937217712,0.7134991884231567,0.3986670970916748,0.3933154046535492,0.4655914306640625,0.4656118154525757,3,42,,,,
2,gcn,amazon_ratings,0.01,128,4,0.5,1,0.4945288300514221,0.4982851445674896,0.7183313369750977,0.719732403755188,0.38815101981163025,0.4047735333442688,0.46090418100357056,0.4740622639656067,0,42,,,,
0,gat,roman_empire,0.01,64,2,0.5,1,0.8430715203285217,0.832686185836792,0.9868749976158142,0.9843905568122864,0.8096360564231873,0.8001430034637451,0.8048966526985168,0.7932648062705994,9,42,,,,
1,gat,roman_empire,0.01,64,2,0.5,1,0.8467784523963928,0.8459230661392212,0.9853250980377196,0.9851632714271544,0.8095290064811707,0.8145573139190674,0.8131893277168274,0.8142507076263428,7,42,,,,
2,gat,roman_empire,0.01,64,2,0.5,1,0.8451897501945496,0.8400988578796387,0.9857698082923888,0.9848145246505736,0.8153379559516907,0.8011305928230286,0.806167483329773,0.8011646866798401,5,42,,,,
3,gat,roman_empire,0.01,64,2,0.5,1,0.8384819030761719,0.8436286449432373,0.985964059829712,0.98506897687912,0.7955644130706787,0.8011071085929871,0.8064879775047302,0.8181442618370056,3,42,,,,
4,gat,roman_empire,0.01,64,2,0.5,1,0.8319505453109741,0.8388633728027344,0.984947919845581,0.9855732321739196,0.7916902303695679,0.8040734529495239,0.7969297766685486,0.8036166429519653,0,42,,,,
0,gin,roman_empire,0.01,64,1,0.5,1,0.800000011920929,0.7938581109046936,0.9787397384643556,0.9757319688796996,0.7380627989768982,0.7185325622558594,0.7673856616020203,0.7510901689529419,5,42,,,,
1,gin,roman_empire,0.01,64,1,0.5,1,0.8035304546356201,0.7989763617515564,0.978926420211792,0.97855144739151,0.7263401746749878,0.7285171151161194,0.7655365467071533,0.7657123804092407,3,42,,,,
2,gin,roman_empire,0.01,64,1,0.5,1,0.7941747307777405,0.7949170470237732,0.9777458906173706,0.9766430258750916,0.7278596758842468,0.7289242744445801,0.7540648579597473,0.7618613839149475,0,42,,,,
0,gcn,roman_empire,0.01,64,3,0.5,1,0.7857016921043396,0.7834451198577881,0.9750616550445556,0.9740093946456908,0.7275137901306152,0.7141884565353394,0.7532523274421692,0.7474454641342163,5,42,,,,
1,gcn,roman_empire,0.01,64,3,0.5,1,0.7894086241722107,0.7852100133895874,0.9758431911468506,0.9755073189735411,0.716201663017273,0.7180313467979431,0.7501777410507202,0.7549102306365967,3,42,,,,
2,gcn,roman_empire,0.01,64,3,0.5,1,0.7804059982299805,0.7777974009513855,0.973577618598938,0.975113034248352,0.7146317958831787,0.7159684896469116,0.748325526714325,0.7374048233032227,0,42,,,,
0,gat,ZINC,0.001,64,2,0.25,128,,,,,,,,,0,150,0.5758690237998962,0.6125777959823608,1.2979183197021484,1.4176591634750366
1,gat,ZINC,0.001,64,2,0.25,128,,,,,,,,,0,23,0.6008943319320679,0.5986054539680481,1.2961668968200684,1.4112663269042969
2,gat,ZINC,0.001,64,2,0.25,128,,,,,,,,,0,5,0.6341811418533325,0.6030585765838623,1.3001139163970947,1.3684149980545044
3,gat,ZINC,0.001,64,2,0.25,128,,,,,,,,,0,3,0.5833597779273987,0.6044051051139832,1.3101162910461426,1.358012080192566
4,gat,ZINC,0.001,64,2,0.25,128,,,,,,,,,0,42,0.5721158385276794,0.6110965013504028,1.3226258754730225,1.4468539953231812
0,gin,ZINC,0.001,32,4,0.25,128,,,,,,,,,0,150,0.5873689651489258,0.5737415552139282,1.2948002815246582,1.140882968902588
1,gin,ZINC,0.001,32,4,0.25,128,,,,,,,,,0,23,0.5282471179962158,0.5158514380455017,1.1804215908050537,0.8766244053840637
2,gin,ZINC,0.001,32,4,0.25,128,,,,,,,,,0,5,0.5577427744865417,0.557597279548645,1.252496600151062,0.9977254867553712
3,gin,ZINC,0.001,32,4,0.25,128,,,,,,,,,0,3,0.6618813276290894,0.6064268946647644,1.3601514101028442,1.2776517868041992
4,gin,ZINC,0.001,32,4,0.25,128,,,,,,,,,0,42,0.5677931308746338,0.6028363108634949,1.318307399749756,1.3024767637252808
0,gcn,ZINC,0.001,64,4,0.25,128,,,,,,,,,0,150,0.6160929203033447,0.6263926029205322,1.3391094207763672,1.5834423303604126
1,gcn,ZINC,0.001,64,4,0.25,128,,,,,,,,,0,23,0.6133713722229004,0.6242130994796753,1.340430498123169,1.4759939908981323
2,gcn,ZINC,0.001,64,4,0.25,128,,,,,,,,,0,5,0.5941317081451416,0.6123638153076172,1.3811101913452148,1.4618244171142578
3,gcn,ZINC,0.001,64,4,0.25,128,,,,,,,,,0,3,0.5975164771080017,0.6130473017692566,1.3820546865463257,1.415238380432129
4,gcn,ZINC,0.001,64,4,0.25,128,,,,,,,,,0,42,0.6085481643676758,0.6327286958694458,1.3422163724899292,1.645633101463318
0,gat,PubMed,0.001,128,2,0.5,1,0.8898356556892395,0.8975659012794495,0.971977949142456,0.9770687222480774,0.8854498863220215,0.8930473327636719,0.8873872756958008,0.894828200340271,9,42,,,,
1,gat,PubMed,0.001,128,2,0.5,1,0.8983566761016846,0.8959432244300842,0.9778559803962708,0.9774551391601562,0.8949487209320068,0.8948322534561157,0.8941421508789062,0.8886626958847046,7,42,,,,
2,gat,PubMed,0.001,128,2,0.5,1,0.8985595703125,0.8916835784912109,0.9764432907104492,0.9752795696258544,0.8972154855728149,0.8861889839172363,0.8962613344192505,0.8876097202301025,5,42,,,,
3,gat,PubMed,0.001,128,2,0.5,1,0.8936904072761536,0.8926977515220642,0.9766402244567872,0.9751904010772704,0.8887003660202026,0.8892235159873962,0.8910654783248901,0.889520525932312,3,42,,,,
4,gat,PubMed,0.001,128,2,0.5,1,0.8914586901664734,0.8941176533699036,0.9758704304695128,0.974110186100006,0.8865712881088257,0.8922154903411865,0.8880130052566528,0.8906269073486328,0,42,,,,
0,gin,PubMed,0.001,64,2,0.5,1,0.8920673727989197,0.8941176533699036,0.9725345969200134,0.9761099815368652,0.8933910131454468,0.8920960426330566,0.8875422477722168,0.8886650800704956,9,42,,,,
1,gin,PubMed,0.001,64,2,0.5,1,0.8961249589920044,0.8969573974609375,0.9762969613075256,0.976499080657959,0.8923443555831909,0.8983476161956787,0.8924587368965149,0.888022780418396,7,42,,,,
2,gin,PubMed,0.001,64,2,0.5,1,0.895110547542572,0.886612594127655,0.9761506915092468,0.974084198474884,0.8932400941848755,0.8845226168632507,0.8920723795890808,0.8824805021286011,5,42,,,,
3,gin,PubMed,0.001,64,2,0.5,1,0.9026171565055848,0.8955374956130981,0.9760168194770812,0.9752683639526368,0.8974810838699341,0.8939028978347778,0.9009466171264648,0.8928868174552917,3,42,,,,
4,gin,PubMed,0.001,64,2,0.5,1,0.8890241384506226,0.8914807438850403,0.9743785262107848,0.9715704321861268,0.8876287341117859,0.8912088871002197,0.8837391138076782,0.8883079290390015,0,42,,,,
0,gcn,PubMed,0.001,128,2,0.5,1,0.888415515422821,0.8959432244300842,0.9715332984924316,0.9773200154304504,0.8845934867858887,0.8920483589172363,0.8852345943450928,0.8924630880355835,9,42,,,,
1,gcn,PubMed,0.001,128,2,0.5,1,0.8953134417533875,0.8963488936424255,0.9774492383003236,0.9775846004486084,0.8890196084976196,0.8939324617385864,0.8925589323043823,0.8897740840911865,7,42,,,,
2,gcn,PubMed,0.001,128,2,0.5,1,0.8981537818908691,0.8892495036125183,0.9767436981201172,0.975376307964325,0.8960007429122925,0.8831819295883179,0.896858811378479,0.8861322402954102,5,42,,,,
3,gcn,PubMed,0.001,128,2,0.5,1,0.8957192301750183,0.8953346610069275,0.9766233563423156,0.9756410717964172,0.8896350860595703,0.8923504948616028,0.8937608003616333,0.8925210237503052,3,42,,,,
4,gcn,PubMed,0.001,128,2,0.5,1,0.8900385499000549,0.8929005861282349,0.9759575724601746,0.9745100140571594,0.8842479586601257,0.8911516070365906,0.8870093822479248,0.8883857727050781,0,42,,,,
0,gat,citeseer,0.001,128,2,0.25,1,0.7400721907615662,0.7743096947669983,0.9177986979484558,0.934772491455078,0.7080038189888,0.7394431829452515,0.716296374797821,0.7492894530296326,9,42,,,,
1,gat,citeseer,0.001,128,2,0.25,1,0.7484958171844482,0.738295316696167,0.9318513870239258,0.9330289959907532,0.7192710041999817,0.7012094855308533,0.7248340845108032,0.703113317489624,7,42,,,,
2,gat,citeseer,0.001,128,2,0.25,1,0.7460890412330627,0.7298919558525085,0.921675443649292,0.9214415550231934,0.7120592594146729,0.69095778465271,0.7202672958374023,0.7084429860115051,5,42,,,,
3,gat,citeseer,0.001,128,2,0.25,1,0.7352586984634399,0.7418967485427856,0.9088932871818542,0.9270737767219543,0.7155819535255432,0.7030526399612427,0.7172983884811401,0.7117183804512024,3,42,,,,
4,gat,citeseer,0.001,128,2,0.25,1,0.7424789667129517,0.7358943819999695,0.9122509956359864,0.9158906936645508,0.714015007019043,0.7043297290802002,0.717365562915802,0.7088192701339722,0,42,,,,
0,gin,citeseer,0.001,32,1,0.5,1,0.7364621162414551,0.7539015412330627,0.9096694588661194,0.9197131991386414,0.7051407694816589,0.7100331783294678,0.7087717056274414,0.7302132844924927,9,42,,,,
1,gin,citeseer,0.001,32,1,0.5,1,0.7460890412330627,0.7250900268554688,0.9262849688529968,0.9148665070533752,0.7142120599746704,0.6693384647369385,0.7188233137130737,0.6819193363189697,7,42,,,,
2,gin,citeseer,0.001,32,1,0.5,1,0.7448856830596924,0.7310924530029297,0.912619173526764,0.9037646651268004,0.7118035554885864,0.6880723834037781,0.7218167781829834,0.7150641083717346,5,42,,,,
3,gin,citeseer,0.001,32,1,0.5,1,0.7304452657699585,0.7298919558525085,0.9076375961303712,0.9175519943237304,0.7053375244140625,0.667203962802887,0.7140924334526062,0.7332980036735535,3,42,,,,
4,gin,citeseer,0.001,32,1,0.5,1,0.7292418479919434,0.7466986775398254,0.9091548919677734,0.9095816612243652,0.6982099413871765,0.7199100255966187,0.7032409310340881,0.7347908020019531,0,42,,,,
0,gcn,citeseer,0.001,128,2,0.25,1,0.7545126080513,0.7767106890678406,0.9146194458007812,0.9229515194892884,0.7218873500823975,0.739981472492218,0.7269830107688904,0.7590144872665405,9,42,,,,
1,gcn,citeseer,0.001,128,2,0.25,1,0.7677497267723083,0.7466986775398254,0.9332379698753356,0.9298319816589355,0.7420169115066528,0.7084242105484009,0.7452884912490845,0.7177895903587341,7,42,,,,
2,gcn,citeseer,0.001,128,2,0.25,1,0.750902533531189,0.7466986775398254,0.9201229214668274,0.916116178035736,0.7154737114906311,0.7129721641540527,0.7303405404090881,0.7317864894866943,5,42,,,,
3,gcn,citeseer,0.001,128,2,0.25,1,0.7400721907615662,0.7575029730796814,0.9136975407600404,0.9263880848884584,0.7199960947036743,0.7136082649230957,0.7264445424079895,0.7270308136940002,3,42,,,,
4,gcn,citeseer,0.001,128,2,0.25,1,0.7376654744148254,0.749099612236023,0.9148579239845276,0.915580987930298,0.7059274911880493,0.7124578952789307,0.7140692472457886,0.7248443365097046,0,42,,,,
0,gat,Cora,0.001,64,2,0.5,1,0.8670605421066284,0.8714918494224548,0.9751867651939392,0.9859527349472046,0.8596727252006531,0.8590485453605652,0.8552652597427368,0.864600419998169,9,42,,,,
1,gat,Cora,0.001,64,2,0.5,1,0.8833087086677551,0.8655834794044495,0.9785976409912108,0.9781685471534728,0.8655222654342651,0.8456386923789978,0.8690420389175415,0.8528085350990295,7,42,,,,
2,gat,Cora,0.001,64,2,0.5,1,0.862629234790802,0.8552437424659729,0.9764925241470336,0.9785604476928712,0.8494700789451599,0.8428727388381958,0.8497331738471985,0.8486663103103638,5,42,,,,
3,gat,Cora,0.001,64,2,0.5,1,0.8818315863609314,0.862629234790802,0.9839996099472046,0.981557846069336,0.8647264242172241,0.8510072827339172,0.877675473690033,0.8493399620056152,3,42,,,,
4,gat,Cora,0.001,64,2,0.5,1,0.8581979274749756,0.8803545236587524,0.9753316044807434,0.981023907661438,0.8564731478691101,0.8670254945755005,0.8553875684738159,0.8664311170578003,0,42,,,,
0,gin,Cora,0.001,64,1,0.5,1,0.8522894978523254,0.892171323299408,0.9736996293067932,0.9898306131362916,0.8469229340553284,0.8818223476409912,0.8379424810409546,0.8814133405685425,9,42,,,,
1,gin,Cora,0.001,64,1,0.5,1,0.8655834794044495,0.8611521124839783,0.981361985206604,0.9764099717140198,0.8622503876686096,0.8506514430046082,0.8600583076477051,0.844054102897644,7,42,,,,
2,gin,Cora,0.001,64,1,0.5,1,0.8700147867202759,0.8449040055274963,0.9773649573326112,0.9789028167724608,0.8662944436073303,0.8367639183998108,0.8559636473655701,0.8406325578689575,5,42,,,,
3,gin,Cora,0.001,64,1,0.5,1,0.8700147867202759,0.8803545236587524,0.9840064644813538,0.9793394804000854,0.8608076572418213,0.8699899315834045,0.862108588218689,0.8640945553779602,3,42,,,,
4,gin,Cora,0.001,64,1,0.5,1,0.8552437424659729,0.8818315863609314,0.9737940430641174,0.9840108752250672,0.8573116660118103,0.872064471244812,0.8509158492088318,0.8654199838638306,0,42,,,,
0,gcn,Cora,0.001,128,2,0.5,1,0.8567208051681519,0.8729689717292786,0.9758400321006776,0.9881700277328492,0.8517468571662903,0.8550567030906677,0.8367356061935425,0.855201244354248,9,42,,,,
1,gcn,Cora,0.001,128,2,0.5,1,0.8788774013519287,0.8700147867202759,0.98186194896698,0.9823822379112244,0.8686150312423706,0.8468220233917236,0.8672125339508057,0.8511621952056885,7,42,,,,
2,gcn,Cora,0.001,128,2,0.5,1,0.8537666201591492,0.8685376644134521,0.9821933507919312,0.9807709455490112,0.8445498943328857,0.8515244126319885,0.8414083123207092,0.8588836789131165,5,42,,,,
3,gcn,Cora,0.001,128,2,0.5,1,0.8803545236587524,0.8700147867202759,0.9851549863815308,0.9848675727844238,0.8671468496322632,0.8514633178710938,0.8745415210723877,0.8500181436538696,3,42,,,,
4,gcn,Cora,0.001,128,2,0.5,1,0.8581979274749756,0.8729689717292786,0.974702775478363,0.9846177101135254,0.8575680255889893,0.8635460734367371,0.8529069423675537,0.8592218160629272,0,42,,,,
0,gat,US-county-demos-UnemploymentRate,0.001,128,4,0.25,1,,,,,,,,,9,42,0.33197978138923645,0.33620738983154297,0.19119051098823547,0.2111711949110031
1,gat,US-county-demos-UnemploymentRate,0.001,128,4,0.25,1,,,,,,,,,7,42,0.37170153856277466,0.35929951071739197,0.2988574802875519,0.2522779107093811
2,gat,US-county-demos-UnemploymentRate,0.001,128,4,0.25,1,,,,,,,,,5,42,0.3418138027191162,0.3702853322029114,0.22958141565322876,0.2629620432853699
3,gat,US-county-demos-UnemploymentRate,0.001,128,4,0.25,1,,,,,,,,,3,42,0.35079994797706604,0.33818912506103516,0.23639076948165896,0.22010265290737152
4,gat,US-county-demos-UnemploymentRate,0.001,128,4,0.25,1,,,,,,,,,0,42,0.35555776953697205,0.33010995388031006,0.24757981300354004,0.19732455909252167
0,gin,US-county-demos-UnemploymentRate,0.001,128,3,0.25,1,,,,,,,,,9,42,0.3178585171699524,0.338808536529541,0.1856357604265213,0.2210161983966827
1,gin,US-county-demos-UnemploymentRate,0.001,128,3,0.25,1,,,,,,,,,7,42,0.362478643655777,0.3392964005470276,0.2724992632865906,0.21861037611961365
2,gin,US-county-demos-UnemploymentRate,0.001,128,3,0.25,1,,,,,,,,,5,42,0.3354000449180603,0.3696005046367645,0.21906280517578125,0.259962797164917
3,gin,US-county-demos-UnemploymentRate,0.001,128,3,0.25,1,,,,,,,,,3,42,0.3627738058567047,0.33325204253196716,0.26950550079345703,0.2107599377632141
4,gin,US-county-demos-UnemploymentRate,0.001,128,3,0.25,1,,,,,,,,,0,42,0.3595609962940216,0.32408133149147034,0.2544105350971222,0.1955024152994156
0,gcn,US-county-demos-UnemploymentRate,0.001,128,4,0.25,1,,,,,,,,,9,42,0.367798388004303,0.3586026728153229,0.23143579065799713,0.23760348558425903
1,gcn,US-county-demos-UnemploymentRate,0.001,128,4,0.25,1,,,,,,,,,7,42,0.399078905582428,0.37588369846343994,0.3325444161891937,0.2625759541988373
2,gcn,US-county-demos-UnemploymentRate,0.001,128,4,0.25,1,,,,,,,,,5,42,0.35393378138542175,0.3982364237308502,0.24219729006290436,0.29701709747314453
3,gcn,US-county-demos-UnemploymentRate,0.001,128,4,0.25,1,,,,,,,,,3,42,0.3796990215778351,0.3697090148925781,0.2712894082069397,0.25551825761795044
4,gcn,US-county-demos-UnemploymentRate,0.001,128,4,0.25,1,,,,,,,,,0,42,0.3850928246974945,0.34994545578956604,0.2835065424442291,0.21267414093017575
0,gat,US-county-demos-BachelorRate,0.001,128,4,0.25,1,,,,,,,,,9,42,0.39535391330718994,0.40568435192108154,0.28777000308036804,0.2945924997329712
1,gat,US-county-demos-BachelorRate,0.001,128,4,0.25,1,,,,,,,,,7,42,0.3744111955165863,0.3784914910793304,0.24120433628559113,0.2594233751296997
2,gat,US-county-demos-BachelorRate,0.001,128,4,0.25,1,,,,,,,,,5,42,0.4255497455596924,0.39443790912628174,0.3500322997570038,0.2889837324619293
3,gat,US-county-demos-BachelorRate,0.001,128,4,0.25,1,,,,,,,,,3,42,0.3936572670936585,0.3840693235397339,0.2760540544986725,0.2649894654750824
4,gat,US-county-demos-BachelorRate,0.001,128,4,0.25,1,,,,,,,,,0,42,0.38787397742271423,0.4120687246322632,0.26117268204689026,0.3130982518196106
0,gin,US-county-demos-BachelorRate,0.01,32,3,0.25,1,,,,,,,,,9,42,0.39563843607902527,0.4154738187789917,0.28498655557632446,0.3130936026573181
1,gin,US-county-demos-BachelorRate,0.01,32,3,0.25,1,,,,,,,,,7,42,0.3824084997177124,0.3905058205127716,0.2662728428840637,0.2792685031890869
2,gin,US-county-demos-BachelorRate,0.01,32,3,0.25,1,,,,,,,,,5,42,0.46098190546035767,0.41353839635849,0.40428483486175537,0.332395076751709
3,gin,US-county-demos-BachelorRate,0.01,32,3,0.25,1,,,,,,,,,3,42,0.39789459109306335,0.38951441645622253,0.27882248163223267,0.27552205324172974
4,gin,US-county-demos-BachelorRate,0.01,32,3,0.25,1,,,,,,,,,0,42,0.3956988751888275,0.42238619923591614,0.2832593321800232,0.3363876938819885
0,gcn,US-county-demos-BachelorRate,0.01,64,3,0.25,1,,,,,,,,,9,42,0.3919554054737091,0.4141013622283935,0.27975666522979736,0.30474942922592163
1,gcn,US-county-demos-BachelorRate,0.01,64,3,0.25,1,,,,,,,,,7,42,0.3688852787017822,0.38482916355133057,0.24415428936481476,0.2732844054698944
2,gcn,US-county-demos-BachelorRate,0.01,64,3,0.25,1,,,,,,,,,5,42,0.4275377094745636,0.39090949296951294,0.34993359446525574,0.29944872856140137
3,gcn,US-county-demos-BachelorRate,0.01,64,3,0.25,1,,,,,,,,,3,42,0.39790818095207214,0.3815798759460449,0.27906182408332825,0.2671512961387634
4,gcn,US-county-demos-BachelorRate,0.01,64,3,0.25,1,,,,,,,,,0,42,0.395563930273056,0.4133387207984924,0.2728678584098816,0.3195590376853943
0,gat,US-county-demos-DeathRate,0.01,32,4,0.25,1,,,,,,,,,9,42,0.4944593608379364,0.4868447184562683,0.46235015988349915,0.4486051797866822
1,gat,US-county-demos-DeathRate,0.01,32,4,0.25,1,,,,,,,,,7,42,0.4949006736278534,0.5216121077537537,0.4788898229598999,0.5163814425468445
2,gat,US-county-demos-DeathRate,0.01,32,4,0.25,1,,,,,,,,,5,42,0.5189910531044006,0.49877679347991943,0.521078884601593,0.5118516683578491
3,gat,US-county-demos-DeathRate,0.01,32,4,0.25,1,,,,,,,,,3,42,0.5174273252487183,0.508204460144043,0.5218793153762817,0.5421339273452759
4,gat,US-county-demos-DeathRate,0.01,32,4,0.25,1,,,,,,,,,0,42,0.4976995885372162,0.510883092880249,0.4766011834144592,0.534797191619873
0,gin,US-county-demos-DeathRate,0.01,32,3,0.5,1,,,,,,,,,9,42,0.5124866962432861,0.5015146732330322,0.49174103140830994,0.4663674235343933
1,gin,US-county-demos-DeathRate,0.01,32,3,0.5,1,,,,,,,,,7,42,0.5091609954833984,0.5208188891410828,0.5011818408966064,0.5280791521072388
2,gin,US-county-demos-DeathRate,0.01,32,3,0.5,1,,,,,,,,,5,42,0.5151084661483765,0.5045516490936279,0.5127102732658386,0.49259164929389954
3,gin,US-county-demos-DeathRate,0.01,32,3,0.5,1,,,,,,,,,3,42,0.5290344953536987,0.524388313293457,0.5203567147254944,0.5773468017578125
4,gin,US-county-demos-DeathRate,0.01,32,3,0.5,1,,,,,,,,,0,42,0.5177865028381348,0.5266335010528564,0.49632728099823,0.5510948896408081
0,gcn,US-county-demos-DeathRate,0.01,64,4,0.25,1,,,,,,,,,9,42,0.5004071593284607,0.4844400882720947,0.470661997795105,0.4507678151130676
1,gcn,US-county-demos-DeathRate,0.01,64,4,0.25,1,,,,,,,,,7,42,0.4868776798248291,0.5158635973930359,0.46829015016555786,0.5191595554351807
2,gcn,US-county-demos-DeathRate,0.01,64,4,0.25,1,,,,,,,,,5,42,0.5252960920333862,0.4960773587226868,0.5294240713119507,0.4878625273704529
3,gcn,US-county-demos-DeathRate,0.01,64,4,0.25,1,,,,,,,,,3,42,0.5193602442741394,0.5125577449798584,0.5163618326187134,0.5392686724662781
4,gcn,US-county-demos-DeathRate,0.01,64,4,0.25,1,,,,,,,,,0,42,0.5101417899131775,0.5230211615562439,0.4897649586200714,0.5435247421264648
0,gat,US-county-demos-BirthRate,0.01,64,3,0.5,1,,,,,,,,,9,42,0.5661061406135559,0.5617293119430542,0.5741143822669983,0.619924783706665
1,gat,US-county-demos-BirthRate,0.01,64,3,0.5,1,,,,,,,,,7,42,0.5828481912612915,0.6108453869819641,0.6985294222831726,0.7446953654289246
2,gat,US-county-demos-BirthRate,0.01,64,3,0.5,1,,,,,,,,,5,42,0.58653724193573,0.609659731388092,0.6890983581542969,0.7634781002998352
3,gat,US-county-demos-BirthRate,0.01,64,3,0.5,1,,,,,,,,,3,42,0.6240589022636414,0.5756377577781677,0.7920723557472229,0.6160414814949036
4,gat,US-county-demos-BirthRate,0.01,64,3,0.5,1,,,,,,,,,0,42,0.6210925579071045,0.623644232749939,0.8004317879676819,0.8298075795173645
0,gin,US-county-demos-BirthRate,0.001,32,2,0.25,1,,,,,,,,,9,42,0.5828888416290283,0.5710214376449585,0.6051666140556335,0.6427990794181824
1,gin,US-county-demos-BirthRate,0.001,32,2,0.25,1,,,,,,,,,7,42,0.5949644446372986,0.6259896755218506,0.7287182807922363,0.7836652994155884
2,gin,US-county-demos-BirthRate,0.001,32,2,0.25,1,,,,,,,,,5,42,0.603714108467102,0.6106391549110413,0.7238343358039856,0.7585110664367676
3,gin,US-county-demos-BirthRate,0.001,32,2,0.25,1,,,,,,,,,3,42,0.6249264478683472,0.5710609555244446,0.8137416243553162,0.6060286164283752
4,gin,US-county-demos-BirthRate,0.001,32,2,0.25,1,,,,,,,,,0,42,0.6290472745895386,0.6232990622520447,0.7977280616760254,0.7990097403526306
0,gcn,US-county-demos-BirthRate,0.01,32,3,0.25,1,,,,,,,,,9,42,0.5680811405181885,0.5726590752601624,0.5819169878959656,0.6436784863471985
1,gcn,US-county-demos-BirthRate,0.01,32,3,0.25,1,,,,,,,,,7,42,0.5859220623970032,0.6109254360198975,0.6931567192077637,0.7418643832206726
2,gcn,US-county-demos-BirthRate,0.01,32,3,0.25,1,,,,,,,,,5,42,0.5910590887069702,0.5994904041290283,0.7108138203620911,0.7403155565261841
3,gcn,US-county-demos-BirthRate,0.01,32,3,0.25,1,,,,,,,,,3,42,0.6245131492614746,0.5635124444961548,0.7984808683395386,0.6163907647132874
4,gcn,US-county-demos-BirthRate,0.01,32,3,0.25,1,,,,,,,,,0,42,0.6213656663894653,0.6280726790428162,0.7683491706848145,0.843317449092865
0,gat,US-county-demos-MigraRate,0.01,32,4,0.25,1,,,,,,,,,9,42,0.5316854119300842,0.5695775151252747,0.636530339717865,0.8490314483642578
1,gat,US-county-demos-MigraRate,0.01,32,4,0.25,1,,,,,,,,,7,42,0.5829384326934814,0.5950107574462891,0.964353322982788,0.9388511776924132
2,gat,US-county-demos-MigraRate,0.01,32,4,0.25,1,,,,,,,,,5,42,0.584476113319397,0.5544190406799316,0.818889319896698,0.7238567471504211
3,gat,US-county-demos-MigraRate,0.01,32,4,0.25,1,,,,,,,,,3,42,0.5645797848701477,0.5047942399978638,0.8241275548934937,0.602547824382782
4,gat,US-county-demos-MigraRate,0.01,32,4,0.25,1,,,,,,,,,0,42,0.6162703633308411,0.5611966848373413,0.9659064412117004,0.746822714805603
0,gin,US-county-demos-MigraRate,0.001,64,4,0.25,1,,,,,,,,,9,42,0.5622281432151794,0.5863471627235413,0.6938888430595398,0.8542011976242065
1,gin,US-county-demos-MigraRate,0.001,64,4,0.25,1,,,,,,,,,7,42,0.6069196462631226,0.6006208658218384,1.0269852876663208,0.9189118146896362
2,gin,US-county-demos-MigraRate,0.001,64,4,0.25,1,,,,,,,,,5,42,0.603330671787262,0.5694680213928223,0.8415997624397278,0.7722992897033691
3,gin,US-county-demos-MigraRate,0.001,64,4,0.25,1,,,,,,,,,3,42,0.5751016736030579,0.5282296538352966,0.8426309823989868,0.6414820551872253
4,gin,US-county-demos-MigraRate,0.001,64,4,0.25,1,,,,,,,,,0,42,0.6468101739883423,0.5770097970962524,1.002854585647583,0.7979269623756409
0,gcn,US-county-demos-MigraRate,0.001,128,3,0.25,1,,,,,,,,,9,42,0.550243616104126,0.5818318724632263,0.6682577133178711,0.8826403617858887
1,gcn,US-county-demos-MigraRate,0.001,128,3,0.25,1,,,,,,,,,7,42,0.5992652773857117,0.599587082862854,0.9940203428268432,0.933731973171234
2,gcn,US-county-demos-MigraRate,0.001,128,3,0.25,1,,,,,,,,,5,42,0.592452347278595,0.5787063837051392,0.8462487459182739,0.7655644416809082
3,gcn,US-county-demos-MigraRate,0.001,128,3,0.25,1,,,,,,,,,3,42,0.5705595016479492,0.5149397850036621,0.8369935750961304,0.6296613812446594
4,gcn,US-county-demos-MigraRate,0.001,128,3,0.25,1,,,,,,,,,0,42,0.6318722367286682,0.5707054734230042,0.977584183216095,0.7636716961860657
0,gat,US-county-demos-MedianIncome,0.001,128,4,0.25,1,,,,,,,,,9,42,0.3111222982406616,0.3164379298686981,0.17633219063282013,0.19518452882766724
1,gat,US-county-demos-MedianIncome,0.001,128,4,0.25,1,,,,,,,,,7,42,0.30905279517173767,0.33007654547691345,0.17004463076591492,0.21813441812992096
2,gat,US-county-demos-MedianIncome,0.001,128,4,0.25,1,,,,,,,,,5,42,0.32997384667396545,0.30768531560897827,0.2064606100320816,0.1836034059524536
3,gat,US-county-demos-MedianIncome,0.001,128,4,0.25,1,,,,,,,,,3,42,0.32606935501098633,0.3265286087989807,0.2154654860496521,0.1872686743736267
4,gat,US-county-demos-MedianIncome,0.001,128,4,0.25,1,,,,,,,,,0,42,0.3213370442390442,0.3552156686782837,0.1919739842414856,0.23469819128513336
0,gin,US-county-demos-MedianIncome,0.01,32,4,0.25,1,,,,,,,,,9,42,0.3174477219581604,0.3237573206424713,0.18915027379989624,0.1946314573287964
1,gin,US-county-demos-MedianIncome,0.01,32,4,0.25,1,,,,,,,,,7,42,0.31658798456192017,0.3354559540748596,0.18525798618793488,0.21898554265499115
2,gin,US-county-demos-MedianIncome,0.01,32,4,0.25,1,,,,,,,,,5,42,0.3340550363063812,0.315937876701355,0.2190331071615219,0.2036418467760086
3,gin,US-county-demos-MedianIncome,0.01,32,4,0.25,1,,,,,,,,,3,42,0.34158003330230713,0.3324943780899048,0.23295339941978457,0.1982730478048325
4,gin,US-county-demos-MedianIncome,0.01,32,4,0.25,1,,,,,,,,,0,42,0.34273701906204224,0.35812753438949585,0.21801085770130155,0.2529187500476837
0,gcn,US-county-demos-MedianIncome,0.01,64,3,0.25,1,,,,,,,,,9,42,0.3265550434589386,0.31823837757110596,0.1932404488325119,0.1940372735261917
1,gcn,US-county-demos-MedianIncome,0.01,64,3,0.25,1,,,,,,,,,7,42,0.31721070408821106,0.34285280108451843,0.1792031228542328,0.22506727278232577
2,gcn,US-county-demos-MedianIncome,0.01,64,3,0.25,1,,,,,,,,,5,42,0.3508783280849457,0.3255199193954468,0.2307744175195694,0.2111096978187561
3,gcn,US-county-demos-MedianIncome,0.01,64,3,0.25,1,,,,,,,,,3,42,0.3371557295322418,0.3493334949016571,0.21595504879951477,0.21594078838825223
4,gcn,US-county-demos-MedianIncome,0.01,64,3,0.25,1,,,,,,,,,0,42,0.32881543040275574,0.37035080790519714,0.19954273104667664,0.26286956667900085
0,gat,US-county-demos-Election,0.001,128,4,0.25,1,,,,,,,,,9,42,0.411607563495636,0.41496288776397705,0.2749231159687042,0.3061114549636841
1,gat,US-county-demos-Election,0.001,128,4,0.25,1,,,,,,,,,7,42,0.3805217444896698,0.41726404428482056,0.2563519775867462,0.3015986382961273
2,gat,US-county-demos-Election,0.001,128,4,0.25,1,,,,,,,,,5,42,0.4083213210105896,0.3946526646614074,0.2837809920310974,0.26352307200431824
3,gat,US-county-demos-Election,0.001,128,4,0.25,1,,,,,,,,,3,42,0.4036279022693634,0.3992196321487427,0.2729531526565552,0.2693561315536499
4,gat,US-county-demos-Election,0.001,128,4,0.25,1,,,,,,,,,0,42,0.4130576550960541,0.4295680522918701,0.29946377873420715,0.31336984038352966
0,gin,US-county-demos-Election,0.001,128,4,0.25,1,,,,,,,,,9,42,0.39242619276046753,0.4021624624729157,0.270631343126297,0.30716273188591003
1,gin,US-county-demos-Election,0.001,128,4,0.25,1,,,,,,,,,7,42,0.3597591519355774,0.3926616907119751,0.2305631935596466,0.2792339622974396
2,gin,US-county-demos-Election,0.001,128,4,0.25,1,,,,,,,,,5,42,0.4011549949645996,0.3946094810962677,0.295678049325943,0.27873358130455017
3,gin,US-county-demos-Election,0.001,128,4,0.25,1,,,,,,,,,3,42,0.39466461539268494,0.3900572955608368,0.26938191056251526,0.26651817560195923
4,gin,US-county-demos-Election,0.001,128,4,0.25,1,,,,,,,,,0,42,0.4033188819885254,0.40479326248168945,0.2980183959007263,0.2887900471687317
0,gcn,US-county-demos-Election,0.001,128,4,0.25,1,,,,,,,,,9,42,0.42229118943214417,0.4334541857242584,0.29427120089530945,0.33096590638160706
1,gcn,US-county-demos-Election,0.001,128,4,0.25,1,,,,,,,,,7,42,0.3940207958221435,0.4266361892223358,0.26457932591438293,0.3144657611846924
2,gcn,US-county-demos-Election,0.001,128,4,0.25,1,,,,,,,,,5,42,0.43488845229148865,0.42483025789260864,0.3168928027153015,0.2908899486064911
3,gcn,US-county-demos-Election,0.001,128,4,0.25,1,,,,,,,,,3,42,0.4157540202140808,0.41228437423706055,0.28408947587013245,0.27758195996284485
4,gcn,US-county-demos-Election,0.001,128,4,0.25,1,,,,,,,,,0,42,0.4254186451435089,0.4370778799057007,0.3128409683704376,0.316945344209671
